solver_name,correct_num,correct_per,wall_time_penalized_s_mean,cpu_time_penalized_s_mean,memory_peak_mb_mean,memory_peak_mb_min,memory_peak_mb_max
DepQBF,156,0.957055214723926,79.7957644171779,79.7835889570552,17.5661288343558,0.775,772.79
Naive,128,0.785276073619632,387.655000613497,388.045036809816,30.3879693251534,22.125,79.14
NaivePre,128,0.785276073619632,388.409620245399,389.032650306748,31.4438036809816,22.275,81.92
FNI,127,0.779141104294479,397.734269325153,397.723104294479,834.02526993865,24.25,19106.98
